epoch,train_loss,train_acc,val_loss,val_acc,val_macro,val_c0,val_c1,val_c2,lr,checkpoint,test_loss,test_acc,test_macro,test_c0,test_c1,test_c2
1,1.1052629903181275,0.3258706469144394,1.0572255849838257,0.49056604504585266,0.36419753086419754,16/27,10/20,0/6,0.0001,best,,,,,,
2,1.1192921070910211,0.34452736333234985,1.0813434379441398,0.37735849618911743,0.3333333333333333,0/27,20/20,0/6,0.0001,,,,,,,
3,1.1080857177278889,0.35199004989951405,1.0744407773017883,0.5283018946647644,0.4493827160493827,13/27,14/20,1/6,0.0001,best,,,,,,
4,1.0998743381073226,0.30721393049652895,1.0634423579488481,0.5471698045730591,0.4444444444444444,9/27,20/20,0/6,0.0001,,,,,,,
5,1.06995950972856,0.4465174132318639,1.0886593461036682,0.37735849618911743,0.42407407407407405,15/27,1/20,4/6,0.0001,,,,,,,
6,1.0779336397327595,0.38681592069455045,1.05017055783953,0.37735849618911743,0.3333333333333333,0/27,20/20,0/6,0.0001,,,,,,,
7,1.0691775768550473,0.4378109454219021,1.0480688938072749,0.49056604504585266,0.41604938271604935,22/27,2/20,2/6,0.0001,,,,,,,
8,1.013225108829897,0.47636815950052064,1.032404512166977,0.5660377740859985,0.5345679012345679,19/27,8/20,3/6,0.0001,best,,,,,,
9,1.0015040164563194,0.5522388059701493,1.0309731577123915,0.4716981053352356,0.35185185185185186,24/27,0/20,1/6,0.0001,,,,,,,
10,1.0096709327911264,0.4875621893512669,1.0553317495754786,0.4528301954269409,0.48209876543209873,17/27,3/20,4/6,0.0001,,,,,,,
11,0.986911988970059,0.458955223880597,1.0115059145859309,0.4716981053352356,0.4037037037037037,21/27,2/20,2/6,0.0001,,,,,,,
12,0.9739252969400206,0.4975124379592155,1.028894088097981,0.4150943458080292,0.4401234567901235,10/27,9/20,3/6,0.0001,,,,,,,
13,0.9346974518761706,0.5323383087542519,0.9898034632205963,0.5283018946647644,0.4364197530864198,25/27,1/20,2/6,0.0001,,,,,,,
14,0.8926541013504142,0.5534825872129469,1.034022514309202,0.3962264060974121,0.42777777777777776,0/27,19/20,2/6,0.0001,,,,,,,
15,0.9286662678220379,0.5410447761194029,1.0237858210291182,0.43396228551864624,0.41358024691358025,11/27,10/20,2/6,0.0001,,,,,,,
16,0.9583509875767267,0.5024875624855952,0.995893520968301,0.5094339847564697,0.3938271604938271,22/27,4/20,1/6,0.0001,,,,,,,
17,0.9102372028934422,0.5273631842278722,1.0274218150547572,0.4528301954269409,0.4302469135802469,11/27,11/20,2/6,0.0001,,,,,,,
18,0.8866656698397736,0.6069651744258937,1.0616686855043684,0.4150943458080292,0.47469135802469137,2/27,17/20,3/6,0.0001,,,,,,,
19,0.9119467850941331,0.5808457714408192,1.004574647971562,0.43396228551864624,0.38765432098765434,8/27,14/20,1/6,0.0001,,,,,,,
20,0.864506470623301,0.5721393036308573,1.0018529636519296,0.4528301954269409,0.49938271604938267,13/27,7/20,4/6,0.0001,,,,,,,
21,0.8309917147479841,0.6144278609930579,0.9935947230884007,0.5094339847564697,0.3938271604938271,22/27,4/20,1/6,0.0001,,,,,,,
22,0.8262120000462034,0.6181592042766401,0.9528624883719853,0.49056604504585266,0.38580246913580246,20/27,5/20,1/6,0.0001,,,,,,,
23,0.8144954549732493,0.5907960200487677,0.9443933367729187,0.4528301954269409,0.43456790123456784,10/27,12/20,2/6,0.0001,,,,,,,
24,0.8239277699100438,0.6218905475602221,0.9905698256833213,0.5094339847564697,0.5061728395061729,14/27,10/20,3/6,5e-05,,,,,,,
25,0.8202970784101913,0.573383084873655,0.960260020835059,0.4716981053352356,0.41234567901234565,19/27,4/20,2/6,5e-05,,,,,,,
26,0.7709768036408211,0.6330845774109684,0.9583053077970233,0.49056604504585266,0.4290123456790123,19/27,5/20,2/6,5e-05,,,,,,,
27,0.747593331248013,0.6815920400975356,0.9654781435217176,0.5094339847564697,0.3938271604938271,22/27,4/20,1/6,5e-05,,,,,,,
28,0.7846335795388293,0.6293532341273863,0.9773606530257634,0.49056604504585266,0.4506172839506173,14/27,10/20,2/6,5e-05,,,,,,,
29,0.7569268207941482,0.655472637112461,0.9556399583816528,0.49056604504585266,0.44629629629629636,15/27,9/20,2/6,5e-05,,,,,,,
30,0.7609043014583303,0.6977611940298507,0.9608872958592006,0.5094339847564697,0.454320987654321,17/27,8/20,2/6,5e-05,,,,,,,
31,0.7699055658347571,0.6492537313432836,0.9645785646779197,0.49056604504585266,0.4419753086419753,16/27,8/20,2/6,5e-05,,,,,,,
32,0.7341354742868623,0.68407960213832,0.9887966939381191,0.4528301954269409,0.5296296296296296,6/27,14/20,4/6,5e-05,,,,,,,
33,0.7379818296254571,0.6579601991532454,0.9835524771894727,0.4716981053352356,0.5203703703703704,12/27,9/20,4/6,5e-05,,,,,,,
34,0.7327768397865011,0.6666666669632072,0.9381446412631443,0.5094339847564697,0.40246913580246907,20/27,6/20,1/6,5e-05,,,,,,,
35,0.7618725749094095,0.6405472639781326,0.9403184950351715,0.49056604504585266,0.40740740740740744,15/27,10/20,1/6,5e-05,,,,,,,
36,0.7058813834368293,0.7114427863661923,0.9435134700366429,0.4528301954269409,0.3654320987654321,17/27,6/20,1/6,5e-05,,,,,,,
37,0.7246513740340276,0.6691542290039917,0.9394152292183467,0.4528301954269409,0.412962962962963,15/27,7/20,2/6,5e-05,,,,,,,
38,0.6793513300258722,0.7300995027841027,0.9301940245287759,0.43396228551864624,0.36172839506172844,14/27,8/20,1/6,5e-05,,,,,,,
39,0.7130177554799549,0.7027363185562304,0.9129122878823962,0.49056604504585266,0.38580246913580246,20/27,5/20,1/6,5e-05,,,,,,,
40,0.6993704869675992,0.7089552238805971,0.9369712769985199,0.43396228551864624,0.3833333333333333,9/27,13/20,1/6,2.5e-05,,,,,,,
41,0.7088792722171812,0.6778606968139534,0.9366304576396942,0.4150943458080292,0.3709876543209876,8/27,13/20,1/6,2.5e-05,,,,,,,
42,0.6949166055045911,0.6940298507462687,0.9408679561955589,0.4528301954269409,0.391358024691358,11/27,12/20,1/6,2.5e-05,,,,,,,
43,0.6979034391801748,0.6952736319890663,0.935299426317215,0.43396228551864624,0.36604938271604937,13/27,9/20,1/6,2.5e-05,,,,,,,
44,0.6810213356320538,0.662935323679625,0.9526443013123104,0.4716981053352356,0.4382716049382716,13/27,10/20,2/6,2.5e-05,,,,,,,
45,0.6973809964621245,0.655472637112461,0.9462363592215947,0.4528301954269409,0.37839506172839504,14/27,9/20,1/6,2.5e-05,,,,,,,
46,0.6806773285367596,0.6791044776119403,0.929646623986108,0.4528301954269409,0.3654320987654321,17/27,6/20,1/6,2.5e-05,,,,,,,
47,0.7271972125145927,0.6318407961681708,0.9336263239383698,0.4716981053352356,0.38641975308641974,16/27,8/20,1/6,2.5e-05,,,,,,,
48,0.6883342390629783,0.6902985074626866,0.9482425579002925,0.49056604504585266,0.4246913580246913,11/27,14/20,1/6,2.5e-05,,,,,,,
49,0.6601545096778157,0.7089552238805971,0.9214126723153251,0.4528301954269409,0.3654320987654321,17/27,6/20,1/6,2.5e-05,,,,,,,
50,0.6542635266460589,0.7114427863661923,0.9145663763795581,0.4716981053352356,0.37777777777777777,18/27,6/20,1/6,2.5e-05,,,,,,,
51,0.5985810825629021,0.7674129356199236,0.9153801713671003,0.49056604504585266,0.4030864197530864,16/27,9/20,1/6,2.5e-05,,,,,,,
52,0.6303718899612996,0.7611940298507462,0.9159323104790279,0.4716981053352356,0.38641975308641974,16/27,8/20,1/6,2.5e-05,,,,,,,
53,0.6525648085039053,0.6952736319890663,0.9061203896999359,0.49056604504585266,0.39876543209876547,17/27,8/20,1/6,2.5e-05,,,,,,,
54,0.6517108558718838,0.7350746268656716,0.9106820396014622,0.49056604504585266,0.4030864197530864,16/27,9/20,1/6,2.5e-05,,,,,,,
55,0.6668056251842585,0.6940298507462687,0.8952018022537231,0.5094339847564697,0.40246913580246907,20/27,6/20,1/6,2.5e-05,,,,,,,
56,0.6902218251975615,0.7189054729333565,0.9056410150868552,0.49056604504585266,0.4030864197530864,16/27,9/20,1/6,1.25e-05,,,,,,,
57,0.6669156364540556,0.7238805970149254,0.9132696730749947,0.49056604504585266,0.4030864197530864,16/27,9/20,1/6,1.25e-05,,,,,,,
58,0.6127806463793143,0.7139303484069768,0.9207146040030888,0.4716981053352356,0.38641975308641974,16/27,8/20,1/6,1.25e-05,,,,,,,
59,0.6960302184321987,0.6666666669632072,0.9192325983728681,0.5094339847564697,0.4240740740740741,15/27,11/20,1/6,1.25e-05,,,,,,,
60,0.6478825247109826,0.7114427863661923,0.9131348047937665,0.4716981053352356,0.38641975308641974,16/27,8/20,1/6,1.25e-05,,,,,,,
61,0.588459172355595,0.7798507462686567,0.9191342464515141,0.4528301954269409,0.3697530864197531,16/27,7/20,1/6,1.25e-05,,,,,,,
62,0.619538407049962,0.7338308460676848,0.8976961927754539,0.49056604504585266,0.39444444444444443,18/27,7/20,1/6,1.25e-05,,,,,,,
63,0.605350528190385,0.7723880597014925,0.9149496512753623,0.4528301954269409,0.3697530864197531,16/27,7/20,1/6,1.25e-05,,,,,,,
64,0.6397038400173187,0.7350746268656716,0.9047873871667045,0.4528301954269409,0.3697530864197531,16/27,7/20,1/6,1.25e-05,,,,,,,
65,0.6117614385352206,0.7823383087542519,0.9160725729806083,0.43396228551864624,0.35308641975308636,16/27,6/20,1/6,1.25e-05,,,,,,,
66,0.6731778167521776,0.7039800997990281,0.9119833282061985,0.4528301954269409,0.3697530864197531,16/27,7/20,1/6,1.25e-05,,,,,,,
67,0.6058182965463667,0.7599502490527594,0.9296362612928663,0.43396228551864624,0.35308641975308636,16/27,6/20,1/6,1.25e-05,,,,,,,
68,0.5757960319074232,0.7798507462686567,0.9123837053775787,0.4528301954269409,0.3697530864197531,16/27,7/20,1/6,1.25e-05,,,,,,,
69,0.6254902306332517,0.7313432835820896,0.905888135944094,0.5094339847564697,0.4197530864197531,16/27,10/20,1/6,1.25e-05,,,,,,,
70,0.6316445129576014,0.7363184081084693,0.8972643571240562,0.49056604504585266,0.39444444444444443,18/27,7/20,1/6,1.25e-05,,,,,,,
71,0.5672869820203355,0.7611940298507462,0.9225184449127742,0.4528301954269409,0.3697530864197531,16/27,7/20,1/6,1.25e-05,,,,,,,
72,0.6343788340020535,0.745024875918431,0.9127071031502315,0.4528301954269409,0.3697530864197531,16/27,7/20,1/6,6.25e-06,,,,,,,
73,0.6303279624501271,0.7052238805970149,0.9071622448308128,0.49056604504585266,0.39444444444444443,18/27,7/20,1/6,6.25e-06,,,,,,,
74,0.6146758036382163,0.753731343283582,0.911831966468266,0.4528301954269409,0.3697530864197531,16/27,7/20,1/6,6.25e-06,,,,,,,
75,0.6361962632456822,0.7363184081084693,0.9142069901738848,0.4528301954269409,0.3697530864197531,16/27,7/20,1/6,6.25e-06,,,,,,,
76,0.6919704595608498,0.6865671641791045,0.9056023614747184,0.49056604504585266,0.39444444444444443,18/27,7/20,1/6,6.25e-06,,,,,,,
77,0.6072374920346844,0.7313432835820896,0.9150916508265904,0.4716981053352356,0.3820987654320988,17/27,7/20,1/6,6.25e-06,,,,,,,
78,0.6110832926942341,0.746268656716418,0.9037284212453025,0.4528301954269409,0.3697530864197531,16/27,7/20,1/6,6.25e-06,,,,,,,
79,0.60673823463383,0.75,0.9023865929671696,0.4716981053352356,0.3820987654320988,17/27,7/20,1/6,6.25e-06,,,,,,,
80,0.6326978744855568,0.7276119402985075,0.8983271505151477,0.49056604504585266,0.39444444444444443,18/27,7/20,1/6,6.25e-06,,,,,,,
81,0.5893109965680251,0.7674129356199236,0.8988855268274035,0.49056604504585266,0.39444444444444443,18/27,7/20,1/6,6.25e-06,,,,,,,
82,0.6192848811398691,0.7226368162169385,0.9004550789083753,0.49056604504585266,0.39444444444444443,18/27,7/20,1/6,6.25e-06,,,,,,,
83,0.6477822954974958,0.7226368162169385,0.8901324995926448,0.4528301954269409,0.3697530864197531,16/27,7/20,1/6,6.25e-06,,,,,,,
84,0.6288128940027151,0.7126865671641791,0.9042843495096479,0.49056604504585266,0.39444444444444443,18/27,7/20,1/6,6.25e-06,,,,,,,
85,0.637929559198778,0.7425373134328358,0.9057164575372424,0.49056604504585266,0.39444444444444443,18/27,7/20,1/6,6.25e-06,,,,,,,
86,0.5526544743064624,0.8134328358208955,0.9042271503380367,0.49056604504585266,0.39444444444444443,18/27,7/20,1/6,6.25e-06,,,,,,,
87,0.6174455024858019,0.7388059701492538,0.9025935743536267,0.49056604504585266,0.39444444444444443,18/27,7/20,1/6,6.25e-06,,,,,,,
88,0.6468443901681188,0.7164179104477612,0.8892703950405121,0.4716981053352356,0.37777777777777777,18/27,6/20,1/6,3.125e-06,,,,,,,
89,0.573682169638463,0.7649253731343284,0.8998261349541801,0.4716981053352356,0.37777777777777777,18/27,6/20,1/6,3.125e-06,,,,,,,
90,0.6178173173719378,0.7363184081084693,0.8969204042639051,0.4716981053352356,0.37777777777777777,18/27,6/20,1/6,3.125e-06,,,,,,,
91,0.5965602282267898,0.7723880597014925,0.9001628884247371,0.4528301954269409,0.3611111111111111,18/27,5/20,1/6,3.125e-06,,,,,,,
92,0.5922551143970063,0.7649253731343284,0.8989621187959399,0.4528301954269409,0.3611111111111111,18/27,5/20,1/6,3.125e-06,,,,,,,
93,0.6496423696404072,0.7226368162169385,0.8880908787250519,0.4528301954269409,0.3611111111111111,18/27,5/20,1/6,3.125e-06,,,,,,,
94,0.6368800032494674,0.7139303484069768,0.897297373839787,0.4528301954269409,0.3611111111111111,18/27,5/20,1/6,3.125e-06,,,,,,,
95,0.6615030518663463,0.7350746268656716,0.8993429499013084,0.4716981053352356,0.37777777777777777,18/27,6/20,1/6,3.125e-06,,,,,,,
96,0.5811028553923564,0.7599502490527594,0.8944704490048545,0.4716981053352356,0.37777777777777777,18/27,6/20,1/6,3.125e-06,,,,,,,
97,0.5712487768771043,0.7860696520378341,0.9113789371081761,0.4528301954269409,0.3611111111111111,18/27,5/20,1/6,3.125e-06,,,,,,,
98,0.6018148756294108,0.7574626865671642,0.9033619846616473,0.4716981053352356,0.37777777777777777,18/27,6/20,1/6,3.125e-06,,,,,,,
99,0.6147757003556437,0.746268656716418,0.9034634743418012,0.4528301954269409,0.3611111111111111,18/27,5/20,1/6,3.125e-06,,,,,,,
100,0.5816563910512782,0.7151741296497743,0.9013905014310565,0.4716981053352356,0.37777777777777777,18/27,6/20,1/6,3.125e-06,,,,,,,
TEST,,,,,,,,,,,1.0854406612260001,0.3207547068595886,0.2923076923076923,10/20,6/20,1/13
